PDFE_CODE,mean_anger,mean_disgust,mean_fear,mean_happiness,mean_sadness,mean_surprise,mean_neutral
1_dg_1,0.018469413742423058,0.518007218837738,0.0038112851325422525,0.0028762659057974815,0.40635570883750916,0.0003323201963212341,0.05014779046177864
1_ds_1,0.029145626351237297,0.688497006893158,0.0028208347503095865,0.002943839877843857,0.12189354002475739,0.0013845995999872684,0.15331454575061798
