PDFE_CODE,mean_anger,mean_disgust,mean_fear,mean_happiness,mean_sadness,mean_surprise,mean_neutral
1_dg_1,0.015437960624694824,0.572600781917572,0.0015193764120340347,0.002714746631681919,0.36903977394104004,0.00022737642575521022,0.03845996409654617
1_ds_1,0.0244437325745821,0.6926020383834839,0.0033401241526007652,0.003257343079894781,0.10646023601293564,0.0020929197780787945,0.1678035855293274
