PDFE_CODE,mean_anger,mean_disgust,mean_fear,mean_happiness,mean_sadness,mean_surprise,mean_neutral
1_dg_1,0.015437960624694824,0.572600781917572,0.0015193764120340347,0.002714746631681919,0.36903977394104004,0.00022737642575521022,0.03845996409654617
